{"cameraMode":{"drawMode":0,"name":"Shaded","section":"Shading Mode"},"sceneLighting":true,"audioPlay":false,"sceneViewState":{"m_AlwaysRefresh":false,"showFog":true,"showSkybox":true,"showFlares":true,"showImageEffects":true,"showParticleSystems":true,"showVisualEffectGraphs":true,"m_FxEnabled":true},"in2DMode":false,"pivot":{"x":23.177404403686525,"y":-6.103445053100586,"z":9.615471839904786},"rotation":{"x":0.011141500435769558,"y":0.6991399526596069,"z":-0.7148385643959045,"w":0.010897727683186531},"size":11.771599769592286,"orthographic":false}